Khurram Virani,kvirani@lighthouselabs.ca
Don Burks,don@lighthouselabs.ca
Khurram Virani,kvirani@lighthouselabs.ca
Don Burks,don@lighthouselabs.ca
5Khurram Virani,kvirani@lighthouselabs.ca
6Don Burks,don@lighthouselabs.ca
7Khurram Virani,kvirani@lighthouselabs.ca
8Don Burks,don@lighthouselabs.ca
9Khurram Virani,kvirani@lighthouselabs.ca
10Don Burks,don@lighthouselabs.ca
6Don Burks,don@lighthouselabs.ca
7Khurram Virani,kvirani@lighthouselabs.ca
8Don Burks,don@lighthouselabs.ca
9Khurram Virani,kvirani@lighthouselabs.ca
10Don Burks,don@lighthouselabs.ca
6Don Burks,don@lighthouselabs.ca
7Khurram Virani,kvirani@lighthouselabs.ca
8Don Burks,don@lighthouselabs.ca
9Khurram Virani,kvirani@lighthouselabs.ca
10Don Burks,don@lighthouselabs.ca